-- ============================================================================
-- Crunch Time: Seed Data
-- Ports all mock data from src/data/*.ts to SQL
-- Uses deterministic UUIDs for reproducible foreign key references
-- ============================================================================

-- UUID mapping:
-- Members  m1-m12:  00000000-0000-4000-a000-000000000001 .. 00000000-0000-4000-a000-00000000000c
-- Polls    p1-p6:   00000000-0000-4000-a000-0000000000a1 .. 00000000-0000-4000-a000-0000000000a6
-- Challenges c1-c3: 00000000-0000-4000-a000-0000000000b1 .. 00000000-0000-4000-a000-0000000000b3
-- Transactions:     f1-f12 = ...c1-cc, e1-e3 = ...d1-d3
-- Events:           ev1-ev5 = ...e1-e5, ev_past1-3 = ...e6-e8
-- Poll options:     p{N}o{M} = ...{N}{M}01 pattern
-- Poll comments:    ...f1-f5

-- ============================================================================
-- 1. Members (12)
-- ============================================================================
INSERT INTO members (id, name, initials, phone, email, color, balance, is_admin) VALUES
  ('00000000-0000-4000-a000-000000000001', 'Alex Rivera',   'AR', '555-0101', 'alex@example.com',    '#E85D4A', 0, true),
  ('00000000-0000-4000-a000-000000000002', 'Sarah Chen',    'SC', '555-0102', 'sarah@example.com',   '#4A90D9', 0, false),
  ('00000000-0000-4000-a000-000000000003', 'Mike Johnson',  'MJ', '555-0103', 'mike@example.com',    '#2ECC71', 0, false),
  ('00000000-0000-4000-a000-000000000004', 'Emily Davis',   'ED', '555-0104', 'emily@example.com',   '#9B59B6', 0, false),
  ('00000000-0000-4000-a000-000000000005', 'David Kim',     'DK', '555-0105', 'david@example.com',   '#F39C12', 0, false),
  ('00000000-0000-4000-a000-000000000006', 'Jessica Wu',    'JW', '555-0106', 'jessica@example.com', '#1ABC9C', 0, false),
  ('00000000-0000-4000-a000-000000000007', 'Tom Wilson',    'TW', '555-0107', 'tom@example.com',     '#E74C3C', 0, false),
  ('00000000-0000-4000-a000-000000000008', 'Lisa Brown',    'LB', '555-0108', 'lisa@example.com',    '#3498DB', 0, false),
  ('00000000-0000-4000-a000-000000000009', 'Chris Lee',     'CL', '555-0109', 'chris@example.com',   '#27AE60', 0, false),
  ('00000000-0000-4000-a000-00000000000a', 'Anna White',    'AW', '555-0110', 'anna@example.com',    '#8E44AD', 0, false),
  ('00000000-0000-4000-a000-00000000000b', 'James Green',   'JG', '555-0111', 'james@example.com',   '#E67E22', 0, false),
  ('00000000-0000-4000-a000-00000000000c', 'Maria Garcia',  'MG', '555-0112', 'maria@example.com',   '#16A085', 0, false);

-- ============================================================================
-- 2. Polls (6) — must come before challenges due to linked_poll_id FK
-- ============================================================================
INSERT INTO polls (id, title, creator_id, expires_at, is_archived, archived_at, allow_members_to_add_options, allow_multi_select, created_at) VALUES
  ('00000000-0000-4000-a000-0000000000a1', 'Where should we go for team dinner?',
    '00000000-0000-4000-a000-000000000001', NULL, false, NULL, true, false,
    now() - interval '2 days'),
  ('00000000-0000-4000-a000-0000000000a2', 'Which streaming services should we share?',
    '00000000-0000-4000-a000-000000000002', now() + interval '1 day', false, NULL, false, true,
    now() - interval '3 days'),
  ('00000000-0000-4000-a000-0000000000a3', 'Best day for our monthly check-in?',
    '00000000-0000-4000-a000-000000000003', now() + interval '3 days', false, NULL, true, false,
    now() - interval '1 day'),
  ('00000000-0000-4000-a000-0000000000a4', 'Should we increase the monthly shared budget?',
    '00000000-0000-4000-a000-000000000001', now() - interval '1 day', false, NULL, false, false,
    now() - interval '10 days'),
  ('00000000-0000-4000-a000-0000000000a5', 'Summer vacation destination vote',
    '00000000-0000-4000-a000-000000000002', now() - interval '7 days', true, now() - interval '7 days', false, false,
    now() - interval '14 days'),
  ('00000000-0000-4000-a000-0000000000a6', 'What should we name our group fund?',
    '00000000-0000-4000-a000-000000000005', NULL, false, NULL, true, false,
    now() - interval '4 days');

-- ============================================================================
-- 3. Poll Options (22 total)
-- ============================================================================
INSERT INTO poll_options (id, poll_id, text) VALUES
  -- p1: team dinner (4 options)
  ('00000000-0000-4000-a000-000000001101', '00000000-0000-4000-a000-0000000000a1', 'Italian — Bella Napoli'),
  ('00000000-0000-4000-a000-000000001102', '00000000-0000-4000-a000-0000000000a1', 'Japanese — Sakura Sushi'),
  ('00000000-0000-4000-a000-000000001103', '00000000-0000-4000-a000-0000000000a1', 'Mexican — Casa Fuego'),
  ('00000000-0000-4000-a000-000000001104', '00000000-0000-4000-a000-0000000000a1', 'Thai — Lotus Garden'),
  -- p2: streaming services (4 options)
  ('00000000-0000-4000-a000-000000002101', '00000000-0000-4000-a000-0000000000a2', 'Netflix'),
  ('00000000-0000-4000-a000-000000002102', '00000000-0000-4000-a000-0000000000a2', 'Spotify'),
  ('00000000-0000-4000-a000-000000002103', '00000000-0000-4000-a000-0000000000a2', 'Disney+'),
  ('00000000-0000-4000-a000-000000002104', '00000000-0000-4000-a000-0000000000a2', 'Apple TV+'),
  -- p3: monthly check-in day (3 options)
  ('00000000-0000-4000-a000-000000003101', '00000000-0000-4000-a000-0000000000a3', 'First Monday'),
  ('00000000-0000-4000-a000-000000003102', '00000000-0000-4000-a000-0000000000a3', 'First Friday'),
  ('00000000-0000-4000-a000-000000003103', '00000000-0000-4000-a000-0000000000a3', 'Last Friday'),
  -- p4: increase budget (3 options)
  ('00000000-0000-4000-a000-000000004101', '00000000-0000-4000-a000-0000000000a4', 'Yes — increase by $50'),
  ('00000000-0000-4000-a000-000000004102', '00000000-0000-4000-a000-0000000000a4', 'Yes — increase by $100'),
  ('00000000-0000-4000-a000-000000004103', '00000000-0000-4000-a000-0000000000a4', 'No — keep it the same'),
  -- p5: summer vacation (3 options)
  ('00000000-0000-4000-a000-000000005101', '00000000-0000-4000-a000-0000000000a5', 'Beach — Cancún'),
  ('00000000-0000-4000-a000-000000005102', '00000000-0000-4000-a000-0000000000a5', 'Mountains — Colorado'),
  ('00000000-0000-4000-a000-000000005103', '00000000-0000-4000-a000-0000000000a5', 'City — New York'),
  -- p6: group fund name (3 options)
  ('00000000-0000-4000-a000-000000006101', '00000000-0000-4000-a000-0000000000a6', 'The Vault'),
  ('00000000-0000-4000-a000-000000006102', '00000000-0000-4000-a000-0000000000a6', 'Crunch Fund'),
  ('00000000-0000-4000-a000-000000006103', '00000000-0000-4000-a000-0000000000a6', 'Common Pot');

-- ============================================================================
-- 4. Poll Votes
-- ============================================================================
-- Helper aliases for member UUIDs
-- m1=...0001, m2=...0002, ..., m10=...000a, m11=...000b, m12=...000c

INSERT INTO poll_votes (poll_option_id, member_id) VALUES
  -- p1o1: Italian — m1, m3, m5, m9
  ('00000000-0000-4000-a000-000000001101', '00000000-0000-4000-a000-000000000001'),
  ('00000000-0000-4000-a000-000000001101', '00000000-0000-4000-a000-000000000003'),
  ('00000000-0000-4000-a000-000000001101', '00000000-0000-4000-a000-000000000005'),
  ('00000000-0000-4000-a000-000000001101', '00000000-0000-4000-a000-000000000009'),
  -- p1o2: Japanese — m2, m6, m11
  ('00000000-0000-4000-a000-000000001102', '00000000-0000-4000-a000-000000000002'),
  ('00000000-0000-4000-a000-000000001102', '00000000-0000-4000-a000-000000000006'),
  ('00000000-0000-4000-a000-000000001102', '00000000-0000-4000-a000-00000000000b'),
  -- p1o3: Mexican — m4, m7, m8
  ('00000000-0000-4000-a000-000000001103', '00000000-0000-4000-a000-000000000004'),
  ('00000000-0000-4000-a000-000000001103', '00000000-0000-4000-a000-000000000007'),
  ('00000000-0000-4000-a000-000000001103', '00000000-0000-4000-a000-000000000008'),
  -- p1o4: Thai — m10, m12
  ('00000000-0000-4000-a000-000000001104', '00000000-0000-4000-a000-00000000000a'),
  ('00000000-0000-4000-a000-000000001104', '00000000-0000-4000-a000-00000000000c'),

  -- p2o1: Netflix — m1, m2, m3, m5, m7, m9, m11
  ('00000000-0000-4000-a000-000000002101', '00000000-0000-4000-a000-000000000001'),
  ('00000000-0000-4000-a000-000000002101', '00000000-0000-4000-a000-000000000002'),
  ('00000000-0000-4000-a000-000000002101', '00000000-0000-4000-a000-000000000003'),
  ('00000000-0000-4000-a000-000000002101', '00000000-0000-4000-a000-000000000005'),
  ('00000000-0000-4000-a000-000000002101', '00000000-0000-4000-a000-000000000007'),
  ('00000000-0000-4000-a000-000000002101', '00000000-0000-4000-a000-000000000009'),
  ('00000000-0000-4000-a000-000000002101', '00000000-0000-4000-a000-00000000000b'),
  -- p2o2: Spotify — m1, m4, m6, m8, m10, m12
  ('00000000-0000-4000-a000-000000002102', '00000000-0000-4000-a000-000000000001'),
  ('00000000-0000-4000-a000-000000002102', '00000000-0000-4000-a000-000000000004'),
  ('00000000-0000-4000-a000-000000002102', '00000000-0000-4000-a000-000000000006'),
  ('00000000-0000-4000-a000-000000002102', '00000000-0000-4000-a000-000000000008'),
  ('00000000-0000-4000-a000-000000002102', '00000000-0000-4000-a000-00000000000a'),
  ('00000000-0000-4000-a000-000000002102', '00000000-0000-4000-a000-00000000000c'),
  -- p2o3: Disney+ — m2, m3, m5
  ('00000000-0000-4000-a000-000000002103', '00000000-0000-4000-a000-000000000002'),
  ('00000000-0000-4000-a000-000000002103', '00000000-0000-4000-a000-000000000003'),
  ('00000000-0000-4000-a000-000000002103', '00000000-0000-4000-a000-000000000005'),
  -- p2o4: Apple TV+ — m7, m9
  ('00000000-0000-4000-a000-000000002104', '00000000-0000-4000-a000-000000000007'),
  ('00000000-0000-4000-a000-000000002104', '00000000-0000-4000-a000-000000000009'),

  -- p3o1: First Monday — m1, m2, m4, m6
  ('00000000-0000-4000-a000-000000003101', '00000000-0000-4000-a000-000000000001'),
  ('00000000-0000-4000-a000-000000003101', '00000000-0000-4000-a000-000000000002'),
  ('00000000-0000-4000-a000-000000003101', '00000000-0000-4000-a000-000000000004'),
  ('00000000-0000-4000-a000-000000003101', '00000000-0000-4000-a000-000000000006'),
  -- p3o2: First Friday — m3, m5, m7, m8, m9
  ('00000000-0000-4000-a000-000000003102', '00000000-0000-4000-a000-000000000003'),
  ('00000000-0000-4000-a000-000000003102', '00000000-0000-4000-a000-000000000005'),
  ('00000000-0000-4000-a000-000000003102', '00000000-0000-4000-a000-000000000007'),
  ('00000000-0000-4000-a000-000000003102', '00000000-0000-4000-a000-000000000008'),
  ('00000000-0000-4000-a000-000000003102', '00000000-0000-4000-a000-000000000009'),
  -- p3o3: Last Friday — m10, m11, m12
  ('00000000-0000-4000-a000-000000003103', '00000000-0000-4000-a000-00000000000a'),
  ('00000000-0000-4000-a000-000000003103', '00000000-0000-4000-a000-00000000000b'),
  ('00000000-0000-4000-a000-000000003103', '00000000-0000-4000-a000-00000000000c'),

  -- p4o1: Increase $50 — m1, m2, m5, m6, m9, m11
  ('00000000-0000-4000-a000-000000004101', '00000000-0000-4000-a000-000000000001'),
  ('00000000-0000-4000-a000-000000004101', '00000000-0000-4000-a000-000000000002'),
  ('00000000-0000-4000-a000-000000004101', '00000000-0000-4000-a000-000000000005'),
  ('00000000-0000-4000-a000-000000004101', '00000000-0000-4000-a000-000000000006'),
  ('00000000-0000-4000-a000-000000004101', '00000000-0000-4000-a000-000000000009'),
  ('00000000-0000-4000-a000-000000004101', '00000000-0000-4000-a000-00000000000b'),
  -- p4o2: Increase $100 — m3, m7
  ('00000000-0000-4000-a000-000000004102', '00000000-0000-4000-a000-000000000003'),
  ('00000000-0000-4000-a000-000000004102', '00000000-0000-4000-a000-000000000007'),
  -- p4o3: Keep same — m4, m8, m10, m12
  ('00000000-0000-4000-a000-000000004103', '00000000-0000-4000-a000-000000000004'),
  ('00000000-0000-4000-a000-000000004103', '00000000-0000-4000-a000-000000000008'),
  ('00000000-0000-4000-a000-000000004103', '00000000-0000-4000-a000-00000000000a'),
  ('00000000-0000-4000-a000-000000004103', '00000000-0000-4000-a000-00000000000c'),

  -- p5o1: Cancún — m1, m2, m3, m5, m6
  ('00000000-0000-4000-a000-000000005101', '00000000-0000-4000-a000-000000000001'),
  ('00000000-0000-4000-a000-000000005101', '00000000-0000-4000-a000-000000000002'),
  ('00000000-0000-4000-a000-000000005101', '00000000-0000-4000-a000-000000000003'),
  ('00000000-0000-4000-a000-000000005101', '00000000-0000-4000-a000-000000000005'),
  ('00000000-0000-4000-a000-000000005101', '00000000-0000-4000-a000-000000000006'),
  -- p5o2: Colorado — m4, m7, m8
  ('00000000-0000-4000-a000-000000005102', '00000000-0000-4000-a000-000000000004'),
  ('00000000-0000-4000-a000-000000005102', '00000000-0000-4000-a000-000000000007'),
  ('00000000-0000-4000-a000-000000005102', '00000000-0000-4000-a000-000000000008'),
  -- p5o3: NYC — m9, m10, m11, m12
  ('00000000-0000-4000-a000-000000005103', '00000000-0000-4000-a000-000000000009'),
  ('00000000-0000-4000-a000-000000005103', '00000000-0000-4000-a000-00000000000a'),
  ('00000000-0000-4000-a000-000000005103', '00000000-0000-4000-a000-00000000000b'),
  ('00000000-0000-4000-a000-000000005103', '00000000-0000-4000-a000-00000000000c'),

  -- p6o1: The Vault — m1, m4, m7, m10
  ('00000000-0000-4000-a000-000000006101', '00000000-0000-4000-a000-000000000001'),
  ('00000000-0000-4000-a000-000000006101', '00000000-0000-4000-a000-000000000004'),
  ('00000000-0000-4000-a000-000000006101', '00000000-0000-4000-a000-000000000007'),
  ('00000000-0000-4000-a000-000000006101', '00000000-0000-4000-a000-00000000000a'),
  -- p6o2: Crunch Fund — m2, m5, m8, m11, m12
  ('00000000-0000-4000-a000-000000006102', '00000000-0000-4000-a000-000000000002'),
  ('00000000-0000-4000-a000-000000006102', '00000000-0000-4000-a000-000000000005'),
  ('00000000-0000-4000-a000-000000006102', '00000000-0000-4000-a000-000000000008'),
  ('00000000-0000-4000-a000-000000006102', '00000000-0000-4000-a000-00000000000b'),
  ('00000000-0000-4000-a000-000000006102', '00000000-0000-4000-a000-00000000000c'),
  -- p6o3: Common Pot — m3, m6, m9
  ('00000000-0000-4000-a000-000000006103', '00000000-0000-4000-a000-000000000003'),
  ('00000000-0000-4000-a000-000000006103', '00000000-0000-4000-a000-000000000006'),
  ('00000000-0000-4000-a000-000000006103', '00000000-0000-4000-a000-000000000009');

-- ============================================================================
-- 5. Poll Comments (5)
-- ============================================================================
INSERT INTO poll_comments (id, poll_id, member_id, text, created_at) VALUES
  -- p1 comments
  ('00000000-0000-4000-a000-0000000000f1', '00000000-0000-4000-a000-0000000000a1',
    '00000000-0000-4000-a000-000000000003', 'Italian has the best ambiance for a group!',
    now() - interval '1 day'),
  ('00000000-0000-4000-a000-0000000000f2', '00000000-0000-4000-a000-0000000000a1',
    '00000000-0000-4000-a000-000000000006', 'Sakura has a great private dining room for us.',
    now() - interval '18 hours'),
  -- p2 comments
  ('00000000-0000-4000-a000-0000000000f3', '00000000-0000-4000-a000-0000000000a2',
    '00000000-0000-4000-a000-000000000001', 'We should definitely keep Netflix, it has the most content.',
    now() - interval '2 days'),
  -- p4 comments
  ('00000000-0000-4000-a000-0000000000f4', '00000000-0000-4000-a000-0000000000a4',
    '00000000-0000-4000-a000-000000000004', 'I think we should review our current spending first before increasing.',
    now() - interval '5 days'),
  ('00000000-0000-4000-a000-0000000000f5', '00000000-0000-4000-a000-0000000000a4',
    '00000000-0000-4000-a000-000000000009', '$50 increase seems reasonable given inflation.',
    now() - interval '4 days');

-- ============================================================================
-- 6. Challenges (3)
-- ============================================================================
INSERT INTO challenges (id, name, emoji, description, start_date, end_date, fine_amount, status, linked_poll_id) VALUES
  ('00000000-0000-4000-a000-0000000000b1', 'Six-Pack Challenge', '💪',
    'No alcohol for 30 days. Miss a day, pay $40 into the Crunch Fund.',
    now() - interval '12 days', now() + interval '18 days', 40.00, 'active',
    '00000000-0000-4000-a000-0000000000a1'),
  ('00000000-0000-4000-a000-0000000000b2', 'Early Bird Challenge', '🌅',
    'Wake up before 7am every day. Sleep in? $25 fine.',
    now() + interval '14 days', now() + interval '44 days', 25.00, 'upcoming',
    NULL),
  ('00000000-0000-4000-a000-0000000000b3', 'No-Spend November', '🚫',
    'No unnecessary purchases for 30 days. Each slip costs $30.',
    now() - interval '65 days', now() - interval '35 days', 30.00, 'completed',
    '00000000-0000-4000-a000-0000000000a6');

-- ============================================================================
-- 7. Challenge Participants
-- ============================================================================
INSERT INTO challenge_participants (challenge_id, member_id) VALUES
  -- c1: Six-Pack — m1, m2, m3, m4, m5, m6
  ('00000000-0000-4000-a000-0000000000b1', '00000000-0000-4000-a000-000000000001'),
  ('00000000-0000-4000-a000-0000000000b1', '00000000-0000-4000-a000-000000000002'),
  ('00000000-0000-4000-a000-0000000000b1', '00000000-0000-4000-a000-000000000003'),
  ('00000000-0000-4000-a000-0000000000b1', '00000000-0000-4000-a000-000000000004'),
  ('00000000-0000-4000-a000-0000000000b1', '00000000-0000-4000-a000-000000000005'),
  ('00000000-0000-4000-a000-0000000000b1', '00000000-0000-4000-a000-000000000006'),
  -- c2: Early Bird — m1, m3, m7, m9
  ('00000000-0000-4000-a000-0000000000b2', '00000000-0000-4000-a000-000000000001'),
  ('00000000-0000-4000-a000-0000000000b2', '00000000-0000-4000-a000-000000000003'),
  ('00000000-0000-4000-a000-0000000000b2', '00000000-0000-4000-a000-000000000007'),
  ('00000000-0000-4000-a000-0000000000b2', '00000000-0000-4000-a000-000000000009'),
  -- c3: No-Spend November — m1, m2, m4, m5, m7, m8, m10, m11
  ('00000000-0000-4000-a000-0000000000b3', '00000000-0000-4000-a000-000000000001'),
  ('00000000-0000-4000-a000-0000000000b3', '00000000-0000-4000-a000-000000000002'),
  ('00000000-0000-4000-a000-0000000000b3', '00000000-0000-4000-a000-000000000004'),
  ('00000000-0000-4000-a000-0000000000b3', '00000000-0000-4000-a000-000000000005'),
  ('00000000-0000-4000-a000-0000000000b3', '00000000-0000-4000-a000-000000000007'),
  ('00000000-0000-4000-a000-0000000000b3', '00000000-0000-4000-a000-000000000008'),
  ('00000000-0000-4000-a000-0000000000b3', '00000000-0000-4000-a000-00000000000a'),
  ('00000000-0000-4000-a000-0000000000b3', '00000000-0000-4000-a000-00000000000b');

-- ============================================================================
-- 8. Transactions (12 fines + 3 expenses = 15)
-- ============================================================================
INSERT INTO transactions (id, type, description, amount, member_id, date, funding_source, challenge_id, fine_status, category, split_locked) VALUES
  -- c1 fines (Six-Pack Challenge)
  ('00000000-0000-4000-a000-0000000000c1', 'fine', 'Missed day 3 — had a beer', 40.00,
    '00000000-0000-4000-a000-000000000002', now() - interval '9 days',
    NULL, '00000000-0000-4000-a000-0000000000b1', 'paid', 'Fine', false),
  ('00000000-0000-4000-a000-0000000000c2', 'fine', 'Slipped up at the work event', 40.00,
    '00000000-0000-4000-a000-000000000004', now() - interval '7 days',
    NULL, '00000000-0000-4000-a000-0000000000b1', 'paid', 'Fine', false),
  ('00000000-0000-4000-a000-0000000000c3', 'fine', 'Birthday drinks — twice', 80.00,
    '00000000-0000-4000-a000-000000000006', now() - interval '5 days',
    NULL, '00000000-0000-4000-a000-0000000000b1', 'paid', 'Fine', false),
  ('00000000-0000-4000-a000-0000000000c4', 'fine', 'Super Bowl Sunday', 40.00,
    '00000000-0000-4000-a000-000000000001', now() - interval '4 days',
    NULL, '00000000-0000-4000-a000-0000000000b1', 'paid', 'Fine', false),
  ('00000000-0000-4000-a000-0000000000c5', 'fine', 'Missed day 8 — owes $40', 40.00,
    '00000000-0000-4000-a000-000000000003', now() - interval '3 days',
    NULL, '00000000-0000-4000-a000-0000000000b1', 'pending', 'Fine', false),
  -- c3 fines (No-Spend November)
  ('00000000-0000-4000-a000-0000000000c6', 'fine', 'Bought new shoes', 30.00,
    '00000000-0000-4000-a000-000000000002', now() - interval '60 days',
    NULL, '00000000-0000-4000-a000-0000000000b3', 'paid', 'Fine', false),
  ('00000000-0000-4000-a000-0000000000c7', 'fine', 'Amazon impulse buy', 30.00,
    '00000000-0000-4000-a000-000000000005', now() - interval '58 days',
    NULL, '00000000-0000-4000-a000-0000000000b3', 'paid', 'Fine', false),
  ('00000000-0000-4000-a000-0000000000c8', 'fine', 'Coffee shop habit', 60.00,
    '00000000-0000-4000-a000-000000000001', now() - interval '55 days',
    NULL, '00000000-0000-4000-a000-0000000000b3', 'paid', 'Fine', false),
  ('00000000-0000-4000-a000-0000000000c9', 'fine', 'Takeout x2', 60.00,
    '00000000-0000-4000-a000-000000000004', now() - interval '50 days',
    NULL, '00000000-0000-4000-a000-0000000000b3', 'paid', 'Fine', false),
  ('00000000-0000-4000-a000-0000000000ca', 'fine', 'Steam sale', 30.00,
    '00000000-0000-4000-a000-000000000007', now() - interval '48 days',
    NULL, '00000000-0000-4000-a000-0000000000b3', 'paid', 'Fine', false),
  ('00000000-0000-4000-a000-0000000000cb', 'fine', 'Gym gear purchase', 30.00,
    '00000000-0000-4000-a000-000000000008', now() - interval '45 days',
    NULL, '00000000-0000-4000-a000-0000000000b3', 'paid', 'Fine', false),
  ('00000000-0000-4000-a000-0000000000cc', 'fine', 'Subscriptions renewed', 30.00,
    '00000000-0000-4000-a000-00000000000a', now() - interval '42 days',
    NULL, '00000000-0000-4000-a000-0000000000b3', 'paid', 'Fine', false),
  -- Expenses
  ('00000000-0000-4000-a000-0000000000d1', 'expense', 'Team Dinner at Mario''s', 180.00,
    '00000000-0000-4000-a000-000000000001', now() - interval '2 days',
    'challenge', '00000000-0000-4000-a000-0000000000b1', NULL, 'Food', false),
  ('00000000-0000-4000-a000-0000000000d2', 'expense', 'Bowling Night', 90.00,
    '00000000-0000-4000-a000-000000000005', now() - interval '1 day',
    'direct', NULL, NULL, 'Entertainment', false),
  ('00000000-0000-4000-a000-0000000000d3', 'expense', 'Coffee & Catch-up', 34.00,
    '00000000-0000-4000-a000-000000000009', now() - interval '6 hours',
    'direct', NULL, NULL, 'Food', false);

-- ============================================================================
-- 9. Transaction Splits (for expenses only)
-- ============================================================================
INSERT INTO transaction_splits (transaction_id, member_id, share, is_payer, guest_shares) VALUES
  -- e1: Team Dinner $180, 5-way split at $36 each
  ('00000000-0000-4000-a000-0000000000d1', '00000000-0000-4000-a000-000000000001', 36.00, true, 0),
  ('00000000-0000-4000-a000-0000000000d1', '00000000-0000-4000-a000-000000000002', 36.00, false, 0),
  ('00000000-0000-4000-a000-0000000000d1', '00000000-0000-4000-a000-000000000003', 36.00, false, 0),
  ('00000000-0000-4000-a000-0000000000d1', '00000000-0000-4000-a000-000000000004', 36.00, false, 0),
  ('00000000-0000-4000-a000-0000000000d1', '00000000-0000-4000-a000-000000000005', 36.00, false, 0),
  -- e2: Bowling Night $90, 4-way split at $22.50 each
  ('00000000-0000-4000-a000-0000000000d2', '00000000-0000-4000-a000-000000000005', 22.50, true, 0),
  ('00000000-0000-4000-a000-0000000000d2', '00000000-0000-4000-a000-000000000007', 22.50, false, 0),
  ('00000000-0000-4000-a000-0000000000d2', '00000000-0000-4000-a000-000000000008', 22.50, false, 0),
  ('00000000-0000-4000-a000-0000000000d2', '00000000-0000-4000-a000-000000000009', 22.50, false, 0),
  -- e3: Coffee & Catch-up $34, 3-way split
  ('00000000-0000-4000-a000-0000000000d3', '00000000-0000-4000-a000-000000000009', 11.33, true, 0),
  ('00000000-0000-4000-a000-0000000000d3', '00000000-0000-4000-a000-00000000000a', 11.33, false, 0),
  ('00000000-0000-4000-a000-0000000000d3', '00000000-0000-4000-a000-00000000000b', 11.34, false, 0);

-- ============================================================================
-- 10. Transaction Attendees (for expenses only)
-- ============================================================================
INSERT INTO transaction_attendees (transaction_id, member_id) VALUES
  -- e1: m1, m2, m3, m4, m5
  ('00000000-0000-4000-a000-0000000000d1', '00000000-0000-4000-a000-000000000001'),
  ('00000000-0000-4000-a000-0000000000d1', '00000000-0000-4000-a000-000000000002'),
  ('00000000-0000-4000-a000-0000000000d1', '00000000-0000-4000-a000-000000000003'),
  ('00000000-0000-4000-a000-0000000000d1', '00000000-0000-4000-a000-000000000004'),
  ('00000000-0000-4000-a000-0000000000d1', '00000000-0000-4000-a000-000000000005'),
  -- e2: m5, m7, m8, m9
  ('00000000-0000-4000-a000-0000000000d2', '00000000-0000-4000-a000-000000000005'),
  ('00000000-0000-4000-a000-0000000000d2', '00000000-0000-4000-a000-000000000007'),
  ('00000000-0000-4000-a000-0000000000d2', '00000000-0000-4000-a000-000000000008'),
  ('00000000-0000-4000-a000-0000000000d2', '00000000-0000-4000-a000-000000000009'),
  -- e3: m9, m10, m11
  ('00000000-0000-4000-a000-0000000000d3', '00000000-0000-4000-a000-000000000009'),
  ('00000000-0000-4000-a000-0000000000d3', '00000000-0000-4000-a000-00000000000a'),
  ('00000000-0000-4000-a000-0000000000d3', '00000000-0000-4000-a000-00000000000b');

-- ============================================================================
-- 11. Events (8: 5 future + 3 past)
-- ============================================================================
INSERT INTO events (id, title, description, date_str, time, location, location_maps_query, creator_id, cover_emoji, is_archived, linked_transaction_id) VALUES
  ('00000000-0000-4000-a000-0000000000e1', 'Team Dinner',
    'Let''s celebrate a great month together! Reservations at 7.',
    to_char(current_date + 5, 'YYYY-MM-DD'), '19:00',
    'Bella Napoli, 42 W 4th St', 'Bella Napoli 42 W 4th St New York',
    '00000000-0000-4000-a000-000000000001', '🍽️', false, NULL),
  ('00000000-0000-4000-a000-0000000000e2', 'Movie Night',
    'Voting on the movie — check the poll!',
    to_char(current_date + 12, 'YYYY-MM-DD'), '20:00',
    'Alex''s place', NULL,
    '00000000-0000-4000-a000-000000000002', '🎬', false, NULL),
  ('00000000-0000-4000-a000-0000000000e3', 'Grocery Run',
    'Costco haul — bring the car if you can.',
    to_char(current_date + 2, 'YYYY-MM-DD'), '10:00',
    'Costco, 1250 Industrial Blvd', 'Costco 1250 Industrial Blvd',
    '00000000-0000-4000-a000-000000000003', '🛒', false, NULL),
  ('00000000-0000-4000-a000-0000000000e4', 'House Party',
    'End of month celebration. Bring snacks!',
    to_char(current_date + 20, 'YYYY-MM-DD'), '21:00',
    'Sarah''s place', NULL,
    '00000000-0000-4000-a000-000000000002', '🎉', false, NULL),
  ('00000000-0000-4000-a000-0000000000e5', 'Monthly Check-in',
    'Review finances, settle up, and plan ahead.',
    to_char(current_date + 30, 'YYYY-MM-DD'), '18:00',
    'Video call', NULL,
    '00000000-0000-4000-a000-000000000001', '📊', false, NULL),
  ('00000000-0000-4000-a000-0000000000e6', 'Rooftop Hangout',
    'Summer vibes on the roof.',
    to_char(current_date - 14, 'YYYY-MM-DD'), '18:00',
    'The Rooftop, 88 Spring St', 'The Rooftop 88 Spring St',
    '00000000-0000-4000-a000-000000000002', '🌇', false, NULL),
  ('00000000-0000-4000-a000-0000000000e7', 'Bowling Night',
    'Lanes booked for 10, loser buys drinks.',
    to_char(current_date - 7, 'YYYY-MM-DD'), '20:00',
    'Lucky Strike Lanes', 'Lucky Strike Lanes New York',
    '00000000-0000-4000-a000-000000000003', '🎳', false, NULL),
  ('00000000-0000-4000-a000-0000000000e8', 'Park Picnic',
    'Blankets, snacks, and good vibes.',
    to_char(current_date - 21, 'YYYY-MM-DD'), '13:00',
    'Prospect Park', 'Prospect Park Brooklyn',
    '00000000-0000-4000-a000-000000000001', '🧺', false, NULL);

-- ============================================================================
-- 12. Event RSVPs
-- ============================================================================
INSERT INTO event_rsvps (event_id, member_id, status, guest_count) VALUES
  -- ev1: Team Dinner
  ('00000000-0000-4000-a000-0000000000e1', '00000000-0000-4000-a000-000000000001', 'going', 0),
  ('00000000-0000-4000-a000-0000000000e1', '00000000-0000-4000-a000-000000000002', 'going', 0),
  ('00000000-0000-4000-a000-0000000000e1', '00000000-0000-4000-a000-000000000003', 'going', 0),
  ('00000000-0000-4000-a000-0000000000e1', '00000000-0000-4000-a000-000000000004', 'maybe', 0),
  ('00000000-0000-4000-a000-0000000000e1', '00000000-0000-4000-a000-000000000005', 'going', 0),
  ('00000000-0000-4000-a000-0000000000e1', '00000000-0000-4000-a000-000000000006', 'not_going', 0),
  ('00000000-0000-4000-a000-0000000000e1', '00000000-0000-4000-a000-000000000007', 'maybe', 0),
  -- ev2: Movie Night
  ('00000000-0000-4000-a000-0000000000e2', '00000000-0000-4000-a000-000000000001', 'going', 0),
  ('00000000-0000-4000-a000-0000000000e2', '00000000-0000-4000-a000-000000000002', 'going', 0),
  ('00000000-0000-4000-a000-0000000000e2', '00000000-0000-4000-a000-000000000003', 'maybe', 0),
  ('00000000-0000-4000-a000-0000000000e2', '00000000-0000-4000-a000-000000000008', 'going', 0),
  ('00000000-0000-4000-a000-0000000000e2', '00000000-0000-4000-a000-000000000009', 'going', 0),
  -- ev3: Grocery Run
  ('00000000-0000-4000-a000-0000000000e3', '00000000-0000-4000-a000-000000000001', 'maybe', 0),
  ('00000000-0000-4000-a000-0000000000e3', '00000000-0000-4000-a000-000000000003', 'going', 0),
  ('00000000-0000-4000-a000-0000000000e3', '00000000-0000-4000-a000-000000000005', 'going', 0),
  ('00000000-0000-4000-a000-0000000000e3', '00000000-0000-4000-a000-00000000000a', 'not_going', 0),
  -- ev4: House Party
  ('00000000-0000-4000-a000-0000000000e4', '00000000-0000-4000-a000-000000000001', 'going', 0),
  ('00000000-0000-4000-a000-0000000000e4', '00000000-0000-4000-a000-000000000002', 'going', 0),
  ('00000000-0000-4000-a000-0000000000e4', '00000000-0000-4000-a000-000000000004', 'going', 0),
  ('00000000-0000-4000-a000-0000000000e4', '00000000-0000-4000-a000-000000000006', 'going', 0),
  ('00000000-0000-4000-a000-0000000000e4', '00000000-0000-4000-a000-000000000007', 'going', 0),
  ('00000000-0000-4000-a000-0000000000e4', '00000000-0000-4000-a000-000000000009', 'maybe', 0),
  ('00000000-0000-4000-a000-0000000000e4', '00000000-0000-4000-a000-00000000000b', 'going', 0),
  ('00000000-0000-4000-a000-0000000000e4', '00000000-0000-4000-a000-00000000000c', 'maybe', 0),
  -- ev5: Monthly Check-in
  ('00000000-0000-4000-a000-0000000000e5', '00000000-0000-4000-a000-000000000001', 'going', 0),
  ('00000000-0000-4000-a000-0000000000e5', '00000000-0000-4000-a000-000000000002', 'going', 0),
  ('00000000-0000-4000-a000-0000000000e5', '00000000-0000-4000-a000-000000000003', 'going', 0),
  ('00000000-0000-4000-a000-0000000000e5', '00000000-0000-4000-a000-000000000005', 'going', 0),
  ('00000000-0000-4000-a000-0000000000e5', '00000000-0000-4000-a000-000000000008', 'maybe', 0),
  -- ev_past1: Rooftop Hangout
  ('00000000-0000-4000-a000-0000000000e6', '00000000-0000-4000-a000-000000000001', 'going', 0),
  ('00000000-0000-4000-a000-0000000000e6', '00000000-0000-4000-a000-000000000002', 'going', 0),
  ('00000000-0000-4000-a000-0000000000e6', '00000000-0000-4000-a000-000000000003', 'going', 0),
  ('00000000-0000-4000-a000-0000000000e6', '00000000-0000-4000-a000-000000000004', 'going', 0),
  ('00000000-0000-4000-a000-0000000000e6', '00000000-0000-4000-a000-000000000005', 'going', 0),
  ('00000000-0000-4000-a000-0000000000e6', '00000000-0000-4000-a000-000000000006', 'not_going', 0),
  -- ev_past2: Bowling Night
  ('00000000-0000-4000-a000-0000000000e7', '00000000-0000-4000-a000-000000000001', 'going', 0),
  ('00000000-0000-4000-a000-0000000000e7', '00000000-0000-4000-a000-000000000002', 'going', 0),
  ('00000000-0000-4000-a000-0000000000e7', '00000000-0000-4000-a000-000000000003', 'going', 0),
  ('00000000-0000-4000-a000-0000000000e7', '00000000-0000-4000-a000-000000000005', 'going', 0),
  ('00000000-0000-4000-a000-0000000000e7', '00000000-0000-4000-a000-000000000007', 'maybe', 0),
  ('00000000-0000-4000-a000-0000000000e7', '00000000-0000-4000-a000-000000000008', 'not_going', 0),
  -- ev_past3: Park Picnic
  ('00000000-0000-4000-a000-0000000000e8', '00000000-0000-4000-a000-000000000001', 'going', 0),
  ('00000000-0000-4000-a000-0000000000e8', '00000000-0000-4000-a000-000000000002', 'going', 0),
  ('00000000-0000-4000-a000-0000000000e8', '00000000-0000-4000-a000-000000000003', 'going', 0),
  ('00000000-0000-4000-a000-0000000000e8', '00000000-0000-4000-a000-000000000004', 'going', 0),
  ('00000000-0000-4000-a000-0000000000e8', '00000000-0000-4000-a000-000000000005', 'going', 0),
  ('00000000-0000-4000-a000-0000000000e8', '00000000-0000-4000-a000-000000000006', 'going', 0),
  ('00000000-0000-4000-a000-0000000000e8', '00000000-0000-4000-a000-000000000009', 'going', 0),
  ('00000000-0000-4000-a000-0000000000e8', '00000000-0000-4000-a000-00000000000a', 'not_going', 0);

-- ============================================================================
-- 13. Calendar Availability (28 date scenarios)
-- Uses current_date + offset to match frontend's seedAvailability()
-- Each row = one member available on one date
-- ============================================================================

-- Helper: merged unique memberIds from morning+evening for each offset
-- offset 0: m1,m2,m3,m4,m5,m6
INSERT INTO calendar_availability (date_str, member_id) VALUES
  (to_char(current_date + 0, 'YYYY-MM-DD'), '00000000-0000-4000-a000-000000000001'),
  (to_char(current_date + 0, 'YYYY-MM-DD'), '00000000-0000-4000-a000-000000000002'),
  (to_char(current_date + 0, 'YYYY-MM-DD'), '00000000-0000-4000-a000-000000000003'),
  (to_char(current_date + 0, 'YYYY-MM-DD'), '00000000-0000-4000-a000-000000000004'),
  (to_char(current_date + 0, 'YYYY-MM-DD'), '00000000-0000-4000-a000-000000000005'),
  (to_char(current_date + 0, 'YYYY-MM-DD'), '00000000-0000-4000-a000-000000000006'),
  -- offset 1: m2,m3,m5,m7,m8
  (to_char(current_date + 1, 'YYYY-MM-DD'), '00000000-0000-4000-a000-000000000002'),
  (to_char(current_date + 1, 'YYYY-MM-DD'), '00000000-0000-4000-a000-000000000003'),
  (to_char(current_date + 1, 'YYYY-MM-DD'), '00000000-0000-4000-a000-000000000005'),
  (to_char(current_date + 1, 'YYYY-MM-DD'), '00000000-0000-4000-a000-000000000007'),
  (to_char(current_date + 1, 'YYYY-MM-DD'), '00000000-0000-4000-a000-000000000008'),
  -- offset 2: m1,m2,m3,m9,m10
  (to_char(current_date + 2, 'YYYY-MM-DD'), '00000000-0000-4000-a000-000000000001'),
  (to_char(current_date + 2, 'YYYY-MM-DD'), '00000000-0000-4000-a000-000000000002'),
  (to_char(current_date + 2, 'YYYY-MM-DD'), '00000000-0000-4000-a000-000000000003'),
  (to_char(current_date + 2, 'YYYY-MM-DD'), '00000000-0000-4000-a000-000000000009'),
  (to_char(current_date + 2, 'YYYY-MM-DD'), '00000000-0000-4000-a000-00000000000a'),
  -- offset 3: m4,m6,m11,m12
  (to_char(current_date + 3, 'YYYY-MM-DD'), '00000000-0000-4000-a000-000000000004'),
  (to_char(current_date + 3, 'YYYY-MM-DD'), '00000000-0000-4000-a000-000000000006'),
  (to_char(current_date + 3, 'YYYY-MM-DD'), '00000000-0000-4000-a000-00000000000b'),
  (to_char(current_date + 3, 'YYYY-MM-DD'), '00000000-0000-4000-a000-00000000000c'),
  -- offset 5: m1,m2,m3,m4,m5,m6,m7
  (to_char(current_date + 5, 'YYYY-MM-DD'), '00000000-0000-4000-a000-000000000001'),
  (to_char(current_date + 5, 'YYYY-MM-DD'), '00000000-0000-4000-a000-000000000002'),
  (to_char(current_date + 5, 'YYYY-MM-DD'), '00000000-0000-4000-a000-000000000003'),
  (to_char(current_date + 5, 'YYYY-MM-DD'), '00000000-0000-4000-a000-000000000004'),
  (to_char(current_date + 5, 'YYYY-MM-DD'), '00000000-0000-4000-a000-000000000005'),
  (to_char(current_date + 5, 'YYYY-MM-DD'), '00000000-0000-4000-a000-000000000006'),
  (to_char(current_date + 5, 'YYYY-MM-DD'), '00000000-0000-4000-a000-000000000007'),
  -- offset 6: m5,m6,m7,m8,m9,m10,m11
  (to_char(current_date + 6, 'YYYY-MM-DD'), '00000000-0000-4000-a000-000000000005'),
  (to_char(current_date + 6, 'YYYY-MM-DD'), '00000000-0000-4000-a000-000000000006'),
  (to_char(current_date + 6, 'YYYY-MM-DD'), '00000000-0000-4000-a000-000000000007'),
  (to_char(current_date + 6, 'YYYY-MM-DD'), '00000000-0000-4000-a000-000000000008'),
  (to_char(current_date + 6, 'YYYY-MM-DD'), '00000000-0000-4000-a000-000000000009'),
  (to_char(current_date + 6, 'YYYY-MM-DD'), '00000000-0000-4000-a000-00000000000a'),
  (to_char(current_date + 6, 'YYYY-MM-DD'), '00000000-0000-4000-a000-00000000000b'),
  -- offset 8: m1,m2,m11,m12
  (to_char(current_date + 8, 'YYYY-MM-DD'), '00000000-0000-4000-a000-000000000001'),
  (to_char(current_date + 8, 'YYYY-MM-DD'), '00000000-0000-4000-a000-000000000002'),
  (to_char(current_date + 8, 'YYYY-MM-DD'), '00000000-0000-4000-a000-00000000000b'),
  (to_char(current_date + 8, 'YYYY-MM-DD'), '00000000-0000-4000-a000-00000000000c'),
  -- offset 9: m3,m5,m6,m8
  (to_char(current_date + 9, 'YYYY-MM-DD'), '00000000-0000-4000-a000-000000000003'),
  (to_char(current_date + 9, 'YYYY-MM-DD'), '00000000-0000-4000-a000-000000000005'),
  (to_char(current_date + 9, 'YYYY-MM-DD'), '00000000-0000-4000-a000-000000000006'),
  (to_char(current_date + 9, 'YYYY-MM-DD'), '00000000-0000-4000-a000-000000000008'),
  -- offset 10: m2,m4,m9,m10,m11,m12
  (to_char(current_date + 10, 'YYYY-MM-DD'), '00000000-0000-4000-a000-000000000002'),
  (to_char(current_date + 10, 'YYYY-MM-DD'), '00000000-0000-4000-a000-000000000004'),
  (to_char(current_date + 10, 'YYYY-MM-DD'), '00000000-0000-4000-a000-000000000009'),
  (to_char(current_date + 10, 'YYYY-MM-DD'), '00000000-0000-4000-a000-00000000000a'),
  (to_char(current_date + 10, 'YYYY-MM-DD'), '00000000-0000-4000-a000-00000000000b'),
  (to_char(current_date + 10, 'YYYY-MM-DD'), '00000000-0000-4000-a000-00000000000c'),
  -- offset 12: m1,m2,m3,m4,m5,m6,m7,m8
  (to_char(current_date + 12, 'YYYY-MM-DD'), '00000000-0000-4000-a000-000000000001'),
  (to_char(current_date + 12, 'YYYY-MM-DD'), '00000000-0000-4000-a000-000000000002'),
  (to_char(current_date + 12, 'YYYY-MM-DD'), '00000000-0000-4000-a000-000000000003'),
  (to_char(current_date + 12, 'YYYY-MM-DD'), '00000000-0000-4000-a000-000000000004'),
  (to_char(current_date + 12, 'YYYY-MM-DD'), '00000000-0000-4000-a000-000000000005'),
  (to_char(current_date + 12, 'YYYY-MM-DD'), '00000000-0000-4000-a000-000000000006'),
  (to_char(current_date + 12, 'YYYY-MM-DD'), '00000000-0000-4000-a000-000000000007'),
  (to_char(current_date + 12, 'YYYY-MM-DD'), '00000000-0000-4000-a000-000000000008'),
  -- offset 13: m6,m7,m8,m9
  (to_char(current_date + 13, 'YYYY-MM-DD'), '00000000-0000-4000-a000-000000000006'),
  (to_char(current_date + 13, 'YYYY-MM-DD'), '00000000-0000-4000-a000-000000000007'),
  (to_char(current_date + 13, 'YYYY-MM-DD'), '00000000-0000-4000-a000-000000000008'),
  (to_char(current_date + 13, 'YYYY-MM-DD'), '00000000-0000-4000-a000-000000000009'),
  -- offset 15: m1,m2,m3,m4,m5,m6,m7,m8,m9,m10,m11,m12 (all)
  (to_char(current_date + 15, 'YYYY-MM-DD'), '00000000-0000-4000-a000-000000000001'),
  (to_char(current_date + 15, 'YYYY-MM-DD'), '00000000-0000-4000-a000-000000000002'),
  (to_char(current_date + 15, 'YYYY-MM-DD'), '00000000-0000-4000-a000-000000000003'),
  (to_char(current_date + 15, 'YYYY-MM-DD'), '00000000-0000-4000-a000-000000000004'),
  (to_char(current_date + 15, 'YYYY-MM-DD'), '00000000-0000-4000-a000-000000000005'),
  (to_char(current_date + 15, 'YYYY-MM-DD'), '00000000-0000-4000-a000-000000000006'),
  (to_char(current_date + 15, 'YYYY-MM-DD'), '00000000-0000-4000-a000-000000000007'),
  (to_char(current_date + 15, 'YYYY-MM-DD'), '00000000-0000-4000-a000-000000000008'),
  (to_char(current_date + 15, 'YYYY-MM-DD'), '00000000-0000-4000-a000-000000000009'),
  (to_char(current_date + 15, 'YYYY-MM-DD'), '00000000-0000-4000-a000-00000000000a'),
  (to_char(current_date + 15, 'YYYY-MM-DD'), '00000000-0000-4000-a000-00000000000b'),
  (to_char(current_date + 15, 'YYYY-MM-DD'), '00000000-0000-4000-a000-00000000000c'),
  -- offset 17: m1,m2,m3,m4,m5
  (to_char(current_date + 17, 'YYYY-MM-DD'), '00000000-0000-4000-a000-000000000001'),
  (to_char(current_date + 17, 'YYYY-MM-DD'), '00000000-0000-4000-a000-000000000002'),
  (to_char(current_date + 17, 'YYYY-MM-DD'), '00000000-0000-4000-a000-000000000003'),
  (to_char(current_date + 17, 'YYYY-MM-DD'), '00000000-0000-4000-a000-000000000004'),
  (to_char(current_date + 17, 'YYYY-MM-DD'), '00000000-0000-4000-a000-000000000005'),
  -- offset 19: m8,m9,m10,m11
  (to_char(current_date + 19, 'YYYY-MM-DD'), '00000000-0000-4000-a000-000000000008'),
  (to_char(current_date + 19, 'YYYY-MM-DD'), '00000000-0000-4000-a000-000000000009'),
  (to_char(current_date + 19, 'YYYY-MM-DD'), '00000000-0000-4000-a000-00000000000a'),
  (to_char(current_date + 19, 'YYYY-MM-DD'), '00000000-0000-4000-a000-00000000000b'),
  -- offset 20: m1,m2,m5,m6,m7,m8,m9,m10,m11,m12
  (to_char(current_date + 20, 'YYYY-MM-DD'), '00000000-0000-4000-a000-000000000001'),
  (to_char(current_date + 20, 'YYYY-MM-DD'), '00000000-0000-4000-a000-000000000002'),
  (to_char(current_date + 20, 'YYYY-MM-DD'), '00000000-0000-4000-a000-000000000005'),
  (to_char(current_date + 20, 'YYYY-MM-DD'), '00000000-0000-4000-a000-000000000006'),
  (to_char(current_date + 20, 'YYYY-MM-DD'), '00000000-0000-4000-a000-000000000007'),
  (to_char(current_date + 20, 'YYYY-MM-DD'), '00000000-0000-4000-a000-000000000008'),
  (to_char(current_date + 20, 'YYYY-MM-DD'), '00000000-0000-4000-a000-000000000009'),
  (to_char(current_date + 20, 'YYYY-MM-DD'), '00000000-0000-4000-a000-00000000000a'),
  (to_char(current_date + 20, 'YYYY-MM-DD'), '00000000-0000-4000-a000-00000000000b'),
  (to_char(current_date + 20, 'YYYY-MM-DD'), '00000000-0000-4000-a000-00000000000c'),
  -- offset 22: m3,m4,m7,m12
  (to_char(current_date + 22, 'YYYY-MM-DD'), '00000000-0000-4000-a000-000000000003'),
  (to_char(current_date + 22, 'YYYY-MM-DD'), '00000000-0000-4000-a000-000000000004'),
  (to_char(current_date + 22, 'YYYY-MM-DD'), '00000000-0000-4000-a000-000000000007'),
  (to_char(current_date + 22, 'YYYY-MM-DD'), '00000000-0000-4000-a000-00000000000c'),
  -- offset 25: m1,m2,m3,m4,m5,m6,m7,m8
  (to_char(current_date + 25, 'YYYY-MM-DD'), '00000000-0000-4000-a000-000000000001'),
  (to_char(current_date + 25, 'YYYY-MM-DD'), '00000000-0000-4000-a000-000000000002'),
  (to_char(current_date + 25, 'YYYY-MM-DD'), '00000000-0000-4000-a000-000000000003'),
  (to_char(current_date + 25, 'YYYY-MM-DD'), '00000000-0000-4000-a000-000000000004'),
  (to_char(current_date + 25, 'YYYY-MM-DD'), '00000000-0000-4000-a000-000000000005'),
  (to_char(current_date + 25, 'YYYY-MM-DD'), '00000000-0000-4000-a000-000000000006'),
  (to_char(current_date + 25, 'YYYY-MM-DD'), '00000000-0000-4000-a000-000000000007'),
  (to_char(current_date + 25, 'YYYY-MM-DD'), '00000000-0000-4000-a000-000000000008'),
  -- offset 27: m9,m10,m11,m12
  (to_char(current_date + 27, 'YYYY-MM-DD'), '00000000-0000-4000-a000-000000000009'),
  (to_char(current_date + 27, 'YYYY-MM-DD'), '00000000-0000-4000-a000-00000000000a'),
  (to_char(current_date + 27, 'YYYY-MM-DD'), '00000000-0000-4000-a000-00000000000b'),
  (to_char(current_date + 27, 'YYYY-MM-DD'), '00000000-0000-4000-a000-00000000000c'),
  -- offset 30: m1,m2,m3,m6,m7,m8
  (to_char(current_date + 30, 'YYYY-MM-DD'), '00000000-0000-4000-a000-000000000001'),
  (to_char(current_date + 30, 'YYYY-MM-DD'), '00000000-0000-4000-a000-000000000002'),
  (to_char(current_date + 30, 'YYYY-MM-DD'), '00000000-0000-4000-a000-000000000003'),
  (to_char(current_date + 30, 'YYYY-MM-DD'), '00000000-0000-4000-a000-000000000006'),
  (to_char(current_date + 30, 'YYYY-MM-DD'), '00000000-0000-4000-a000-000000000007'),
  (to_char(current_date + 30, 'YYYY-MM-DD'), '00000000-0000-4000-a000-000000000008'),
  -- offset 33: m4,m5,m8,m9,m10
  (to_char(current_date + 33, 'YYYY-MM-DD'), '00000000-0000-4000-a000-000000000004'),
  (to_char(current_date + 33, 'YYYY-MM-DD'), '00000000-0000-4000-a000-000000000005'),
  (to_char(current_date + 33, 'YYYY-MM-DD'), '00000000-0000-4000-a000-000000000008'),
  (to_char(current_date + 33, 'YYYY-MM-DD'), '00000000-0000-4000-a000-000000000009'),
  (to_char(current_date + 33, 'YYYY-MM-DD'), '00000000-0000-4000-a000-00000000000a'),
  -- offset 35: m1,m2,m3,m4,m5,m6,m7,m8,m9,m10,m11,m12 (all)
  (to_char(current_date + 35, 'YYYY-MM-DD'), '00000000-0000-4000-a000-000000000001'),
  (to_char(current_date + 35, 'YYYY-MM-DD'), '00000000-0000-4000-a000-000000000002'),
  (to_char(current_date + 35, 'YYYY-MM-DD'), '00000000-0000-4000-a000-000000000003'),
  (to_char(current_date + 35, 'YYYY-MM-DD'), '00000000-0000-4000-a000-000000000004'),
  (to_char(current_date + 35, 'YYYY-MM-DD'), '00000000-0000-4000-a000-000000000005'),
  (to_char(current_date + 35, 'YYYY-MM-DD'), '00000000-0000-4000-a000-000000000006'),
  (to_char(current_date + 35, 'YYYY-MM-DD'), '00000000-0000-4000-a000-000000000007'),
  (to_char(current_date + 35, 'YYYY-MM-DD'), '00000000-0000-4000-a000-000000000008'),
  (to_char(current_date + 35, 'YYYY-MM-DD'), '00000000-0000-4000-a000-000000000009'),
  (to_char(current_date + 35, 'YYYY-MM-DD'), '00000000-0000-4000-a000-00000000000a'),
  (to_char(current_date + 35, 'YYYY-MM-DD'), '00000000-0000-4000-a000-00000000000b'),
  (to_char(current_date + 35, 'YYYY-MM-DD'), '00000000-0000-4000-a000-00000000000c'),
  -- offset 38: m1,m2,m3,m4,m5,m6,m7,m8,m9,m11
  (to_char(current_date + 38, 'YYYY-MM-DD'), '00000000-0000-4000-a000-000000000001'),
  (to_char(current_date + 38, 'YYYY-MM-DD'), '00000000-0000-4000-a000-000000000002'),
  (to_char(current_date + 38, 'YYYY-MM-DD'), '00000000-0000-4000-a000-000000000003'),
  (to_char(current_date + 38, 'YYYY-MM-DD'), '00000000-0000-4000-a000-000000000004'),
  (to_char(current_date + 38, 'YYYY-MM-DD'), '00000000-0000-4000-a000-000000000005'),
  (to_char(current_date + 38, 'YYYY-MM-DD'), '00000000-0000-4000-a000-000000000006'),
  (to_char(current_date + 38, 'YYYY-MM-DD'), '00000000-0000-4000-a000-000000000007'),
  (to_char(current_date + 38, 'YYYY-MM-DD'), '00000000-0000-4000-a000-000000000008'),
  (to_char(current_date + 38, 'YYYY-MM-DD'), '00000000-0000-4000-a000-000000000009'),
  (to_char(current_date + 38, 'YYYY-MM-DD'), '00000000-0000-4000-a000-00000000000b'),
  -- offset 40: m7,m8,m9,m10
  (to_char(current_date + 40, 'YYYY-MM-DD'), '00000000-0000-4000-a000-000000000007'),
  (to_char(current_date + 40, 'YYYY-MM-DD'), '00000000-0000-4000-a000-000000000008'),
  (to_char(current_date + 40, 'YYYY-MM-DD'), '00000000-0000-4000-a000-000000000009'),
  (to_char(current_date + 40, 'YYYY-MM-DD'), '00000000-0000-4000-a000-00000000000a'),
  -- offset 42: m1,m4,m5,m12
  (to_char(current_date + 42, 'YYYY-MM-DD'), '00000000-0000-4000-a000-000000000001'),
  (to_char(current_date + 42, 'YYYY-MM-DD'), '00000000-0000-4000-a000-000000000004'),
  (to_char(current_date + 42, 'YYYY-MM-DD'), '00000000-0000-4000-a000-000000000005'),
  (to_char(current_date + 42, 'YYYY-MM-DD'), '00000000-0000-4000-a000-00000000000c'),
  -- offset 45: m2,m3,m5,m6,m10,m11
  (to_char(current_date + 45, 'YYYY-MM-DD'), '00000000-0000-4000-a000-000000000002'),
  (to_char(current_date + 45, 'YYYY-MM-DD'), '00000000-0000-4000-a000-000000000003'),
  (to_char(current_date + 45, 'YYYY-MM-DD'), '00000000-0000-4000-a000-000000000005'),
  (to_char(current_date + 45, 'YYYY-MM-DD'), '00000000-0000-4000-a000-000000000006'),
  (to_char(current_date + 45, 'YYYY-MM-DD'), '00000000-0000-4000-a000-00000000000a'),
  (to_char(current_date + 45, 'YYYY-MM-DD'), '00000000-0000-4000-a000-00000000000b'),
  -- offset 48: m1,m2,m7,m8,m9,m10,m11,m12
  (to_char(current_date + 48, 'YYYY-MM-DD'), '00000000-0000-4000-a000-000000000001'),
  (to_char(current_date + 48, 'YYYY-MM-DD'), '00000000-0000-4000-a000-000000000002'),
  (to_char(current_date + 48, 'YYYY-MM-DD'), '00000000-0000-4000-a000-000000000007'),
  (to_char(current_date + 48, 'YYYY-MM-DD'), '00000000-0000-4000-a000-000000000008'),
  (to_char(current_date + 48, 'YYYY-MM-DD'), '00000000-0000-4000-a000-000000000009'),
  (to_char(current_date + 48, 'YYYY-MM-DD'), '00000000-0000-4000-a000-00000000000a'),
  (to_char(current_date + 48, 'YYYY-MM-DD'), '00000000-0000-4000-a000-00000000000b'),
  (to_char(current_date + 48, 'YYYY-MM-DD'), '00000000-0000-4000-a000-00000000000c'),
  -- offset 50: m4,m6,m11,m12
  (to_char(current_date + 50, 'YYYY-MM-DD'), '00000000-0000-4000-a000-000000000004'),
  (to_char(current_date + 50, 'YYYY-MM-DD'), '00000000-0000-4000-a000-000000000006'),
  (to_char(current_date + 50, 'YYYY-MM-DD'), '00000000-0000-4000-a000-00000000000b'),
  (to_char(current_date + 50, 'YYYY-MM-DD'), '00000000-0000-4000-a000-00000000000c'),
  -- offset 55: m1,m2,m3,m4,m5,m6,m7,m8,m9,m10
  (to_char(current_date + 55, 'YYYY-MM-DD'), '00000000-0000-4000-a000-000000000001'),
  (to_char(current_date + 55, 'YYYY-MM-DD'), '00000000-0000-4000-a000-000000000002'),
  (to_char(current_date + 55, 'YYYY-MM-DD'), '00000000-0000-4000-a000-000000000003'),
  (to_char(current_date + 55, 'YYYY-MM-DD'), '00000000-0000-4000-a000-000000000004'),
  (to_char(current_date + 55, 'YYYY-MM-DD'), '00000000-0000-4000-a000-000000000005'),
  (to_char(current_date + 55, 'YYYY-MM-DD'), '00000000-0000-4000-a000-000000000006'),
  (to_char(current_date + 55, 'YYYY-MM-DD'), '00000000-0000-4000-a000-000000000007'),
  (to_char(current_date + 55, 'YYYY-MM-DD'), '00000000-0000-4000-a000-000000000008'),
  (to_char(current_date + 55, 'YYYY-MM-DD'), '00000000-0000-4000-a000-000000000009'),
  (to_char(current_date + 55, 'YYYY-MM-DD'), '00000000-0000-4000-a000-00000000000a');
